-- phpMyAdmin SQL Dump
-- version 5.1.0
-- https://www.phpmyadmin.net/
--
-- Hôte : localhost
-- Généré le : jeu. 20 mai 2021 à 15:52
-- Version du serveur :  10.3.27-MariaDB-0+deb10u1
-- Version de PHP : 7.3.27-1~deb10u1

SET SQL_MODE = "NO_AUTO_VALUE_ON_ZERO";
START TRANSACTION;
SET time_zone = "+00:00";


/*!40101 SET @OLD_CHARACTER_SET_CLIENT=@@CHARACTER_SET_CLIENT */;
/*!40101 SET @OLD_CHARACTER_SET_RESULTS=@@CHARACTER_SET_RESULTS */;
/*!40101 SET @OLD_COLLATION_CONNECTION=@@COLLATION_CONNECTION */;
/*!40101 SET NAMES utf8mb4 */;

--
-- Base de données : `bocalstore_bd`
--
DROP DATABASE IF EXISTS `bocalstore_bd`;
CREATE DATABASE IF NOT EXISTS `bocalstore_bd` DEFAULT CHARACTER SET utf8 COLLATE utf8_bin;
USE `bocalstore_bd`;

-- --------------------------------------------------------

--
-- Structure de la table `categorie`
--

DROP TABLE IF EXISTS `categorie`;
CREATE TABLE IF NOT EXISTS `categorie` (
  `cat_id` int(11) NOT NULL AUTO_INCREMENT,
  `cat_fur_id` int(11) NOT NULL,
  `cat_nom` varchar(255) NOT NULL,
  `cat_description` varchar(1000) NOT NULL,
  `cat_del` int(11) NOT NULL DEFAULT 0,
  PRIMARY KEY (`cat_id`)
) ENGINE=InnoDB AUTO_INCREMENT=46 DEFAULT CHARSET=utf8;

--
-- Déchargement des données de la table `categorie`
--

INSERT INTO `categorie` (`cat_id`, `cat_fur_id`, `cat_nom`, `cat_description`, `cat_del`) VALUES
(30, 0, 'Mobilier salle TP ', 'Mobilier salle TP ', 1),
(31, 0, 'Mobilier salle TP', 'Mobilier salle de TP ', 0),
(32, 0, 'PC de Bureau ', 'PC Pour salle TP', 0),
(33, 0, 'Carte graphique', 'RX580', 1),
(34, 0, 'Carte graphique', 'RX580', 1),
(35, 0, 'Carte graphique', 'RX580', 1),
(36, 0, 'Carte graphique', 'RX580', 1),
(37, 0, 'Carte graphique', 'RX580', 1),
(38, 0, 'Capteurs', 'Tout les capteurs present sur l\'UFR', 0),
(39, 0, 'l\'a l\'o l\'ifjoe', 'f,iogf,erzo', 1),
(40, 0, 'lolo', 'lolo', 1),
(41, 0, 'lolo', 'lala', 1),
(42, 0, 'coucou', 'alla', 1),
(43, 0, 'coco', 'lulu', 1),
(44, 0, 'lala', 'lolo', 1),
(45, 0, 'lolo', 'lalala', 1);

-- --------------------------------------------------------

--
-- Structure de la table `fournisseur`
--

DROP TABLE IF EXISTS `fournisseur`;
CREATE TABLE IF NOT EXISTS `fournisseur` (
  `fur_id` int(11) NOT NULL AUTO_INCREMENT,
  `fur_raison_social` varchar(255) NOT NULL,
  `fur_adresse` varchar(255) NOT NULL,
  `fur_ville` varchar(255) NOT NULL,
  `fur_cp` varchar(20) NOT NULL,
  `fur_tel_1` varchar(50) NOT NULL,
  `fur_tel_2` varchar(50) NOT NULL,
  `fur_mail` varchar(255) NOT NULL,
  `fur_site_internet` varchar(255) NOT NULL,
  `fur_nom_corresp` varchar(255) NOT NULL,
  `fur_prenom_corresp` varchar(255) NOT NULL,
  `fur_tel_corresp` varchar(50) NOT NULL,
  `fur_mail_corresp` varchar(255) NOT NULL,
  `fur_iban` varchar(255) NOT NULL,
  `fur_rib` varchar(255) NOT NULL,
  `fur_usr_create` int(11) NOT NULL,
  `fur_date_create` datetime NOT NULL,
  `fur_usr_mod` int(11) NOT NULL,
  `fur_date_mod` datetime NOT NULL,
  `fur_del` int(11) NOT NULL DEFAULT 0,
  PRIMARY KEY (`fur_id`)
) ENGINE=InnoDB AUTO_INCREMENT=30 DEFAULT CHARSET=utf8;

--
-- Déchargement des données de la table `fournisseur`
--

INSERT INTO `fournisseur` (`fur_id`, `fur_raison_social`, `fur_adresse`, `fur_ville`, `fur_cp`, `fur_tel_1`, `fur_tel_2`, `fur_mail`, `fur_site_internet`, `fur_nom_corresp`, `fur_prenom_corresp`, `fur_tel_corresp`, `fur_mail_corresp`, `fur_iban`, `fur_rib`, `fur_usr_create`, `fur_date_create`, `fur_usr_mod`, `fur_date_mod`, `fur_del`) VALUES
(1, 'intel', 'Rue de Paris', 'Paris', '75001', '01 25 85 15 25', '01 25 85 15 26', 'contact@intel.com', 'www.intel.com', 'Odil', 'Orélie', '01 56 65 85 25', 'JF@intel.com', 'FR7630001007941234567890185', 'FR7630001007941234567890185 30001 00794', 0, '0000-00-00 00:00:00', 26, '2020-02-08 00:52:33', 0),
(2, 'Celogique', '', '', '', '', '', '', '', '', '', '', '', '', '', 19, '2016-10-28 15:07:22', 26, '2021-05-04 10:48:06', 1),
(3, 'DELL', '5 Rue des bottes', 'PAris', '75009', '01 52 84 51 42', '01 23 45 84 11', 'contact@dell.com', 'www.dell.com', 'Durant', 'Jean michel', '01 23 45 84 11', 'JM@hotmail.com', '0000000000000000000000', '00000000000000000000000', 19, '2017-01-31 12:00:34', 26, '2021-05-04 10:48:57', 0),
(4, 'Salim', '', '', '', '', '', '', '', '', '', '', '', '', '', 19, '2017-05-22 17:08:16', 26, '2021-05-03 14:44:11', 1),
(5, 'Mazigh', '', '', '', '0675014277', '', 'mazigh@gmai.com', '', 'outaleb', 'mazigh', '', '', '', '', 26, '2018-07-02 13:39:33', 26, '2018-07-02 13:40:22', 0),
(6, 'Asus', '15 rue de la porte gauche', 'Bordeaux ', '30072', '01 23 45 84 11', '01 23 45 84 11', 'dd', 'dd', 'Hamsek', 'Lahoucine', '01 23 45 84 11', 'HL@gmail.com', '0000000000000000000000', '00000000000000000000000', 28, '2018-07-04 08:41:33', 26, '2021-05-06 11:10:24', 1),
(7, 'AMD', '12 rue de la porte', 'Paris', '75014', '01 23 45 84 11', '01 23 45 84 11', 'AMD@gmail.com', 'amd.fr', 'Berto', 'Mark', '01 23 45 84 11', 'MB@gmail.com', '0000000000000000000000', '00000000000000000000000', 26, '2018-07-06 11:27:20', 26, '2021-05-04 10:49:44', 0),
(8, 'AMD', 'da', 'fez', 'fezbniuez', 'fez', 'efz', 'efz', 'fez', 'ezf', 'fez', 'fe', 'fze', 'fez', 'feezf', 26, '2021-05-03 14:11:01', 26, '2021-05-04 10:26:51', 1),
(9, 'hre', '', '', '', '', '', '', '', '', '', '', '', '', '', 26, '2021-05-03 14:30:55', 26, '2021-05-03 14:44:04', 1),
(10, 'Lahoucine Hamsek', 'Rue Maurice Berteaux', 'Saint-Brice-sous-Forêt', '95350', '0651375716', '', '', '', 'Hamsek', 'Lahoucine', '', '', '', '', 26, '2021-05-06 11:10:35', 26, '2021-05-06 11:11:05', 1),
(11, 'coucou', '', '', '', '', '', '', '', '', '', '', '', '', '', 26, '2021-05-06 11:11:13', 26, '2021-05-06 11:17:01', 1),
(12, 'coucou', '', '', '', '', '', '', '', '', '', '', '', '', '', 26, '2021-05-06 11:17:07', 26, '2021-05-06 11:17:16', 1),
(13, 'lala', '', '', '', '', '', '', '', '', '', '', '', '', '', 26, '2021-05-06 11:17:22', 26, '2021-05-06 11:18:30', 1),
(14, 'coco', '', '', '', '', '', '', '', '', '', '', '', '', '', 26, '2021-05-06 11:18:36', 26, '2021-05-07 15:38:17', 1),
(15, 'lolo', '', '', '', '', '', '', '', '', '', '', '', '', '', 26, '2021-05-06 11:39:44', 26, '2021-05-06 11:42:02', 1),
(16, 'lolo', '', '', '', '', '', '', '', '', '', '', '', '', '', 26, '2021-05-06 11:42:09', 26, '2021-05-06 11:45:20', 1),
(17, 'lala', '', '', '', '', '', '', '', '', '', '', '', '', '', 26, '2021-05-06 11:45:31', 26, '2021-05-07 15:38:31', 1),
(18, 'rosa', '', '', '', '', '', '', '', '', '', '', '', '', '', 26, '2021-05-06 12:45:43', 26, '2021-05-06 12:46:02', 1),
(19, 'lzlz', '', '', '', '', '', '', '', '', '', '', '', '', '', 26, '2021-05-06 15:11:29', 26, '2021-05-07 15:38:34', 1),
(20, 'ferf', '', '', '', '', '', '', '', '', '', '', '', '', '', 26, '2021-05-07 15:29:10', 26, '2021-05-07 15:29:15', 1),
(21, 'fefe', '', '', '', '', '', 'jesuisla', '', '', '', '', '', '', '', 26, '2021-05-07 15:33:12', 26, '2021-05-07 15:33:20', 1),
(22, 'fezfz', '', '', '', '', '', 'hamsek@gmail.com', '', '', '', '', '', '', '', 26, '2021-05-07 15:33:34', 26, '2021-05-07 15:35:55', 1),
(23, 'f,eio', '', '', '', '', '', 'fze', '', '', '', '', '', '', '', 26, '2021-05-07 15:34:41', 26, '2021-05-07 15:34:46', 1),
(24, 'gregre', '', '', '', '', '', 'lol@gmail.com', '', '', '', '', '', '', '', 26, '2021-05-07 15:34:55', 26, '2021-05-07 15:38:28', 1),
(25, 'dzdza', '', '', '', '', '', 'dazad', '', '', '', '', '', '', '', 26, '2021-05-07 15:36:03', 26, '2021-05-07 15:38:25', 1),
(26, 'dzadza', '', '', '', '', '', 'hamsek@gmail.com', '', '', '', '', '', '', '', 26, '2021-05-07 15:36:15', 26, '2021-05-07 15:38:22', 1),
(27, 'fezzfez', '', '', '', '', '', 'fe@free.fr', '', '', '', '', '', '', '', 26, '2021-05-07 15:41:58', 26, '2021-05-07 15:42:02', 1),
(28, 'fzeezezf', '', '', '', '', '', 'fefez@free.fr', '', '', '', '', 'fezfezz@free.fr', '', '', 26, '2021-05-07 15:50:23', 26, '2021-05-07 15:50:28', 1),
(29, 'fgezrzrz', 'rezrez', 'rez', '3533', '77777777777777', '77777777777777', 'gfezrz@gmail.com', 'dzdza', 'gerztzr', 'tteztzzettez', '3853737738783', 'gfezrz@gmail.com', '37387387873873', '36837837', 26, '2021-05-18 13:02:23', 0, '0000-00-00 00:00:00', 0);

-- --------------------------------------------------------

--
-- Structure de la table `fournisseur_doc`
--

DROP TABLE IF EXISTS `fournisseur_doc`;
CREATE TABLE IF NOT EXISTS `fournisseur_doc` (
  `fdoc_id` int(11) NOT NULL AUTO_INCREMENT,
  `fdoc_fur_id` int(11) NOT NULL,
  `fdoc_type` int(11) NOT NULL,
  `fdoc_nom` varchar(255) NOT NULL,
  `fdoc_description` varchar(255) NOT NULL,
  `fdoc_type_file` varchar(255) NOT NULL,
  `fdoc_nom_file` varchar(255) NOT NULL,
  `fdoc_size_file` int(11) NOT NULL,
  `fdoc_data_file` longblob NOT NULL,
  PRIMARY KEY (`fdoc_id`)
) ENGINE=InnoDB AUTO_INCREMENT=4 DEFAULT CHARSET=utf8;

--
-- Déchargement des données de la table `fournisseur_doc`
--

INSERT INTO `fournisseur_doc` (`fdoc_id`, `fdoc_fur_id`, `fdoc_type`, `fdoc_nom`, `fdoc_description`, `fdoc_type_file`, `fdoc_nom_file`, `fdoc_size_file`, `fdoc_data_file`) VALUES
(1, 2, 0, 'coucou', 'jeanlmi', 'application/pdf', 'sample.pdf', 3028, 0x255044462d312e330d0a25e2e3cfd30d0a0d0a312030206f626a0d0a3c3c0d0a2f54797065202f436174616c6f670d0a2f4f75746c696e65732032203020520d0a2f50616765732033203020520d0a3e3e0d0a656e646f626a0d0a0d0a322030206f626a0d0a3c3c0d0a2f54797065202f4f75746c696e65730d0a2f436f756e7420300d0a3e3e0d0a656e646f626a0d0a0d0a332030206f626a0d0a3c3c0d0a2f54797065202f50616765730d0a2f436f756e7420320d0a2f4b696473205b203420302052203620302052205d200d0a3e3e0d0a656e646f626a0d0a0d0a342030206f626a0d0a3c3c0d0a2f54797065202f506167650d0a2f506172656e742033203020520d0a2f5265736f7572636573203c3c0d0a2f466f6e74203c3c0d0a2f4631203920302052200d0a3e3e0d0a2f50726f635365742038203020520d0a3e3e0d0a2f4d65646961426f78205b302030203631322e30303030203739322e303030305d0d0a2f436f6e74656e74732035203020520d0a3e3e0d0a656e646f626a0d0a0d0a352030206f626a0d0a3c3c202f4c656e6774682031303734203e3e0d0a73747265616d0d0a32204a0d0a42540d0a30203020302072670d0a2f463120303032372054660d0a35372e33373530203732322e323830302054640d0a2820412053696d706c65205044462046696c65202920546a0d0a45540d0a42540d0a2f463120303031302054660d0a36392e32353030203638382e363038302054640d0a282054686973206973206120736d616c6c2064656d6f6e7374726174696f6e202e7064662066696c65202d202920546a0d0a45540d0a42540d0a2f463120303031302054660d0a36392e32353030203636342e373034302054640d0a28206a75737420666f722075736520696e20746865205669727475616c204d656368616e696373207475746f7269616c732e204d6f726520746578742e20416e64206d6f7265202920546a0d0a45540d0a42540d0a2f463120303031302054660d0a36392e32353030203635322e373532302054640d0a2820746578742e20416e64206d6f726520746578742e20416e64206d6f726520746578742e20416e64206d6f726520746578742e202920546a0d0a45540d0a42540d0a2f463120303031302054660d0a36392e32353030203632382e383438302054640d0a2820416e64206d6f726520746578742e20416e64206d6f726520746578742e20416e64206d6f726520746578742e20416e64206d6f726520746578742e20416e64206d6f7265202920546a0d0a45540d0a42540d0a2f463120303031302054660d0a36392e32353030203631362e383936302054640d0a2820746578742e20416e64206d6f726520746578742e20426f72696e672c207a7a7a7a7a2e20416e64206d6f726520746578742e20416e64206d6f726520746578742e20416e64202920546a0d0a45540d0a42540d0a2f463120303031302054660d0a36392e32353030203630342e393434302054640d0a28206d6f726520746578742e20416e64206d6f726520746578742e20416e64206d6f726520746578742e20416e64206d6f726520746578742e20416e64206d6f726520746578742e202920546a0d0a45540d0a42540d0a2f463120303031302054660d0a36392e32353030203539322e393932302054640d0a2820416e64206d6f726520746578742e20416e64206d6f726520746578742e202920546a0d0a45540d0a42540d0a2f463120303031302054660d0a36392e32353030203536392e303838302054640d0a2820416e64206d6f726520746578742e20416e64206d6f726520746578742e20416e64206d6f726520746578742e20416e64206d6f726520746578742e20416e64206d6f7265202920546a0d0a45540d0a42540d0a2f463120303031302054660d0a36392e32353030203535372e313336302054640d0a2820746578742e20416e64206d6f726520746578742e20416e64206d6f726520746578742e204576656e206d6f72652e20436f6e74696e756564206f6e20706167652032202e2e2e2920546a0d0a45540d0a656e6473747265616d0d0a656e646f626a0d0a0d0a362030206f626a0d0a3c3c0d0a2f54797065202f506167650d0a2f506172656e742033203020520d0a2f5265736f7572636573203c3c0d0a2f466f6e74203c3c0d0a2f4631203920302052200d0a3e3e0d0a2f50726f635365742038203020520d0a3e3e0d0a2f4d65646961426f78205b302030203631322e30303030203739322e303030305d0d0a2f436f6e74656e74732037203020520d0a3e3e0d0a656e646f626a0d0a0d0a372030206f626a0d0a3c3c202f4c656e67746820363736203e3e0d0a73747265616d0d0a32204a0d0a42540d0a30203020302072670d0a2f463120303032372054660d0a35372e33373530203732322e323830302054640d0a282053696d706c65205044462046696c652032202920546a0d0a45540d0a42540d0a2f463120303031302054660d0a36392e32353030203638382e363038302054640d0a28202e2e2e636f6e74696e7565642066726f6d207061676520312e20596574206d6f726520746578742e20416e64206d6f726520746578742e20416e64206d6f726520746578742e202920546a0d0a45540d0a42540d0a2f463120303031302054660d0a36392e32353030203637362e363536302054640d0a2820416e64206d6f726520746578742e20416e64206d6f726520746578742e20416e64206d6f726520746578742e20416e64206d6f726520746578742e20416e64206d6f7265202920546a0d0a45540d0a42540d0a2f463120303031302054660d0a36392e32353030203636342e373034302054640d0a2820746578742e204f682c20686f7720626f72696e6720747970696e6720746869732073747566662e20427574206e6f7420617320626f72696e67206173207761746368696e67202920546a0d0a45540d0a42540d0a2f463120303031302054660d0a36392e32353030203635322e373532302054640d0a28207061696e74206472792e20416e64206d6f726520746578742e20416e64206d6f726520746578742e20416e64206d6f726520746578742e20416e64206d6f726520746578742e202920546a0d0a45540d0a42540d0a2f463120303031302054660d0a36392e32353030203634302e383030302054640d0a2820426f72696e672e20204d6f72652c2061206c6974746c65206d6f726520746578742e2054686520656e642c20616e64206a7573742061732077656c6c2e202920546a0d0a45540d0a656e6473747265616d0d0a656e646f626a0d0a0d0a382030206f626a0d0a5b2f504446202f546578745d0d0a656e646f626a0d0a0d0a392030206f626a0d0a3c3c0d0a2f54797065202f466f6e740d0a2f53756274797065202f54797065310d0a2f4e616d65202f46310d0a2f42617365466f6e74202f48656c7665746963610d0a2f456e636f64696e67202f57696e416e7369456e636f64696e670d0a3e3e0d0a656e646f626a0d0a0d0a31302030206f626a0d0a3c3c0d0a2f43726561746f72202852617665205c28687474703a2f2f7777772e6e6576726f6e612e636f6d2f726176655c29290d0a2f50726f647563657220284e6576726f6e612044657369676e73290d0a2f4372656174696f6e446174652028443a3230303630333031303732383236290d0a3e3e0d0a656e646f626a0d0a0d0a787265660d0a302031310d0a3030303030303030303020363535333520660d0a30303030303030303139203030303030206e0d0a30303030303030303933203030303030206e0d0a30303030303030313437203030303030206e0d0a30303030303030323232203030303030206e0d0a30303030303030333930203030303030206e0d0a30303030303031353232203030303030206e0d0a30303030303031363930203030303030206e0d0a30303030303032343233203030303030206e0d0a30303030303032343536203030303030206e0d0a30303030303032353734203030303030206e0d0a0d0a747261696c65720d0a3c3c0d0a2f53697a652031310d0a2f526f6f742031203020520d0a2f496e666f203130203020520d0a3e3e0d0a0d0a7374617274787265660d0a323731340d0a2525454f460d0a),
(3, 7, 1, 'g\'etez', 'tzze', 'application/pdf', 'sample.pdf', 3028, 0x255044462d312e330d0a25e2e3cfd30d0a0d0a312030206f626a0d0a3c3c0d0a2f54797065202f436174616c6f670d0a2f4f75746c696e65732032203020520d0a2f50616765732033203020520d0a3e3e0d0a656e646f626a0d0a0d0a322030206f626a0d0a3c3c0d0a2f54797065202f4f75746c696e65730d0a2f436f756e7420300d0a3e3e0d0a656e646f626a0d0a0d0a332030206f626a0d0a3c3c0d0a2f54797065202f50616765730d0a2f436f756e7420320d0a2f4b696473205b203420302052203620302052205d200d0a3e3e0d0a656e646f626a0d0a0d0a342030206f626a0d0a3c3c0d0a2f54797065202f506167650d0a2f506172656e742033203020520d0a2f5265736f7572636573203c3c0d0a2f466f6e74203c3c0d0a2f4631203920302052200d0a3e3e0d0a2f50726f635365742038203020520d0a3e3e0d0a2f4d65646961426f78205b302030203631322e30303030203739322e303030305d0d0a2f436f6e74656e74732035203020520d0a3e3e0d0a656e646f626a0d0a0d0a352030206f626a0d0a3c3c202f4c656e6774682031303734203e3e0d0a73747265616d0d0a32204a0d0a42540d0a30203020302072670d0a2f463120303032372054660d0a35372e33373530203732322e323830302054640d0a2820412053696d706c65205044462046696c65202920546a0d0a45540d0a42540d0a2f463120303031302054660d0a36392e32353030203638382e363038302054640d0a282054686973206973206120736d616c6c2064656d6f6e7374726174696f6e202e7064662066696c65202d202920546a0d0a45540d0a42540d0a2f463120303031302054660d0a36392e32353030203636342e373034302054640d0a28206a75737420666f722075736520696e20746865205669727475616c204d656368616e696373207475746f7269616c732e204d6f726520746578742e20416e64206d6f7265202920546a0d0a45540d0a42540d0a2f463120303031302054660d0a36392e32353030203635322e373532302054640d0a2820746578742e20416e64206d6f726520746578742e20416e64206d6f726520746578742e20416e64206d6f726520746578742e202920546a0d0a45540d0a42540d0a2f463120303031302054660d0a36392e32353030203632382e383438302054640d0a2820416e64206d6f726520746578742e20416e64206d6f726520746578742e20416e64206d6f726520746578742e20416e64206d6f726520746578742e20416e64206d6f7265202920546a0d0a45540d0a42540d0a2f463120303031302054660d0a36392e32353030203631362e383936302054640d0a2820746578742e20416e64206d6f726520746578742e20426f72696e672c207a7a7a7a7a2e20416e64206d6f726520746578742e20416e64206d6f726520746578742e20416e64202920546a0d0a45540d0a42540d0a2f463120303031302054660d0a36392e32353030203630342e393434302054640d0a28206d6f726520746578742e20416e64206d6f726520746578742e20416e64206d6f726520746578742e20416e64206d6f726520746578742e20416e64206d6f726520746578742e202920546a0d0a45540d0a42540d0a2f463120303031302054660d0a36392e32353030203539322e393932302054640d0a2820416e64206d6f726520746578742e20416e64206d6f726520746578742e202920546a0d0a45540d0a42540d0a2f463120303031302054660d0a36392e32353030203536392e303838302054640d0a2820416e64206d6f726520746578742e20416e64206d6f726520746578742e20416e64206d6f726520746578742e20416e64206d6f726520746578742e20416e64206d6f7265202920546a0d0a45540d0a42540d0a2f463120303031302054660d0a36392e32353030203535372e313336302054640d0a2820746578742e20416e64206d6f726520746578742e20416e64206d6f726520746578742e204576656e206d6f72652e20436f6e74696e756564206f6e20706167652032202e2e2e2920546a0d0a45540d0a656e6473747265616d0d0a656e646f626a0d0a0d0a362030206f626a0d0a3c3c0d0a2f54797065202f506167650d0a2f506172656e742033203020520d0a2f5265736f7572636573203c3c0d0a2f466f6e74203c3c0d0a2f4631203920302052200d0a3e3e0d0a2f50726f635365742038203020520d0a3e3e0d0a2f4d65646961426f78205b302030203631322e30303030203739322e303030305d0d0a2f436f6e74656e74732037203020520d0a3e3e0d0a656e646f626a0d0a0d0a372030206f626a0d0a3c3c202f4c656e67746820363736203e3e0d0a73747265616d0d0a32204a0d0a42540d0a30203020302072670d0a2f463120303032372054660d0a35372e33373530203732322e323830302054640d0a282053696d706c65205044462046696c652032202920546a0d0a45540d0a42540d0a2f463120303031302054660d0a36392e32353030203638382e363038302054640d0a28202e2e2e636f6e74696e7565642066726f6d207061676520312e20596574206d6f726520746578742e20416e64206d6f726520746578742e20416e64206d6f726520746578742e202920546a0d0a45540d0a42540d0a2f463120303031302054660d0a36392e32353030203637362e363536302054640d0a2820416e64206d6f726520746578742e20416e64206d6f726520746578742e20416e64206d6f726520746578742e20416e64206d6f726520746578742e20416e64206d6f7265202920546a0d0a45540d0a42540d0a2f463120303031302054660d0a36392e32353030203636342e373034302054640d0a2820746578742e204f682c20686f7720626f72696e6720747970696e6720746869732073747566662e20427574206e6f7420617320626f72696e67206173207761746368696e67202920546a0d0a45540d0a42540d0a2f463120303031302054660d0a36392e32353030203635322e373532302054640d0a28207061696e74206472792e20416e64206d6f726520746578742e20416e64206d6f726520746578742e20416e64206d6f726520746578742e20416e64206d6f726520746578742e202920546a0d0a45540d0a42540d0a2f463120303031302054660d0a36392e32353030203634302e383030302054640d0a2820426f72696e672e20204d6f72652c2061206c6974746c65206d6f726520746578742e2054686520656e642c20616e64206a7573742061732077656c6c2e202920546a0d0a45540d0a656e6473747265616d0d0a656e646f626a0d0a0d0a382030206f626a0d0a5b2f504446202f546578745d0d0a656e646f626a0d0a0d0a392030206f626a0d0a3c3c0d0a2f54797065202f466f6e740d0a2f53756274797065202f54797065310d0a2f4e616d65202f46310d0a2f42617365466f6e74202f48656c7665746963610d0a2f456e636f64696e67202f57696e416e7369456e636f64696e670d0a3e3e0d0a656e646f626a0d0a0d0a31302030206f626a0d0a3c3c0d0a2f43726561746f72202852617665205c28687474703a2f2f7777772e6e6576726f6e612e636f6d2f726176655c29290d0a2f50726f647563657220284e6576726f6e612044657369676e73290d0a2f4372656174696f6e446174652028443a3230303630333031303732383236290d0a3e3e0d0a656e646f626a0d0a0d0a787265660d0a302031310d0a3030303030303030303020363535333520660d0a30303030303030303139203030303030206e0d0a30303030303030303933203030303030206e0d0a30303030303030313437203030303030206e0d0a30303030303030323232203030303030206e0d0a30303030303030333930203030303030206e0d0a30303030303031353232203030303030206e0d0a30303030303031363930203030303030206e0d0a30303030303032343233203030303030206e0d0a30303030303032343536203030303030206e0d0a30303030303032353734203030303030206e0d0a0d0a747261696c65720d0a3c3c0d0a2f53697a652031310d0a2f526f6f742031203020520d0a2f496e666f203130203020520d0a3e3e0d0a0d0a7374617274787265660d0a323731340d0a2525454f460d0a);

-- --------------------------------------------------------

--
-- Structure de la table `ged_doc`
--

DROP TABLE IF EXISTS `ged_doc`;
CREATE TABLE IF NOT EXISTS `ged_doc` (
  `gedd_id` int(11) NOT NULL AUTO_INCREMENT,
  `gedd_type` int(11) NOT NULL,
  `gedd_nom` varchar(255) NOT NULL,
  `gedd_description` varchar(255) NOT NULL,
  `gedd_type_file` varchar(255) NOT NULL,
  `gedd_nom_file` varchar(255) NOT NULL,
  `gedd_size_file` int(11) NOT NULL,
  `gedd_data_file` longblob NOT NULL,
  PRIMARY KEY (`gedd_id`)
) ENGINE=MyISAM AUTO_INCREMENT=13 DEFAULT CHARSET=utf8;

--
-- Déchargement des données de la table `ged_doc`
--

INSERT INTO `ged_doc` (`gedd_id`, `gedd_type`, `gedd_nom`, `gedd_description`, `gedd_type_file`, `gedd_nom_file`, `gedd_size_file`, `gedd_data_file`) VALUES
(12, 1, 'ezaeae_ezaeza', 'ezaeza_zaezaeza', 'application/pdf', 'sample (1) (2).pdf', 3028, 0x255044462d312e330d0a25e2e3cfd30d0a0d0a312030206f626a0d0a3c3c0d0a2f54797065202f436174616c6f670d0a2f4f75746c696e65732032203020520d0a2f50616765732033203020520d0a3e3e0d0a656e646f626a0d0a0d0a322030206f626a0d0a3c3c0d0a2f54797065202f4f75746c696e65730d0a2f436f756e7420300d0a3e3e0d0a656e646f626a0d0a0d0a332030206f626a0d0a3c3c0d0a2f54797065202f50616765730d0a2f436f756e7420320d0a2f4b696473205b203420302052203620302052205d200d0a3e3e0d0a656e646f626a0d0a0d0a342030206f626a0d0a3c3c0d0a2f54797065202f506167650d0a2f506172656e742033203020520d0a2f5265736f7572636573203c3c0d0a2f466f6e74203c3c0d0a2f4631203920302052200d0a3e3e0d0a2f50726f635365742038203020520d0a3e3e0d0a2f4d65646961426f78205b302030203631322e30303030203739322e303030305d0d0a2f436f6e74656e74732035203020520d0a3e3e0d0a656e646f626a0d0a0d0a352030206f626a0d0a3c3c202f4c656e6774682031303734203e3e0d0a73747265616d0d0a32204a0d0a42540d0a30203020302072670d0a2f463120303032372054660d0a35372e33373530203732322e323830302054640d0a2820412053696d706c65205044462046696c65202920546a0d0a45540d0a42540d0a2f463120303031302054660d0a36392e32353030203638382e363038302054640d0a282054686973206973206120736d616c6c2064656d6f6e7374726174696f6e202e7064662066696c65202d202920546a0d0a45540d0a42540d0a2f463120303031302054660d0a36392e32353030203636342e373034302054640d0a28206a75737420666f722075736520696e20746865205669727475616c204d656368616e696373207475746f7269616c732e204d6f726520746578742e20416e64206d6f7265202920546a0d0a45540d0a42540d0a2f463120303031302054660d0a36392e32353030203635322e373532302054640d0a2820746578742e20416e64206d6f726520746578742e20416e64206d6f726520746578742e20416e64206d6f726520746578742e202920546a0d0a45540d0a42540d0a2f463120303031302054660d0a36392e32353030203632382e383438302054640d0a2820416e64206d6f726520746578742e20416e64206d6f726520746578742e20416e64206d6f726520746578742e20416e64206d6f726520746578742e20416e64206d6f7265202920546a0d0a45540d0a42540d0a2f463120303031302054660d0a36392e32353030203631362e383936302054640d0a2820746578742e20416e64206d6f726520746578742e20426f72696e672c207a7a7a7a7a2e20416e64206d6f726520746578742e20416e64206d6f726520746578742e20416e64202920546a0d0a45540d0a42540d0a2f463120303031302054660d0a36392e32353030203630342e393434302054640d0a28206d6f726520746578742e20416e64206d6f726520746578742e20416e64206d6f726520746578742e20416e64206d6f726520746578742e20416e64206d6f726520746578742e202920546a0d0a45540d0a42540d0a2f463120303031302054660d0a36392e32353030203539322e393932302054640d0a2820416e64206d6f726520746578742e20416e64206d6f726520746578742e202920546a0d0a45540d0a42540d0a2f463120303031302054660d0a36392e32353030203536392e303838302054640d0a2820416e64206d6f726520746578742e20416e64206d6f726520746578742e20416e64206d6f726520746578742e20416e64206d6f726520746578742e20416e64206d6f7265202920546a0d0a45540d0a42540d0a2f463120303031302054660d0a36392e32353030203535372e313336302054640d0a2820746578742e20416e64206d6f726520746578742e20416e64206d6f726520746578742e204576656e206d6f72652e20436f6e74696e756564206f6e20706167652032202e2e2e2920546a0d0a45540d0a656e6473747265616d0d0a656e646f626a0d0a0d0a362030206f626a0d0a3c3c0d0a2f54797065202f506167650d0a2f506172656e742033203020520d0a2f5265736f7572636573203c3c0d0a2f466f6e74203c3c0d0a2f4631203920302052200d0a3e3e0d0a2f50726f635365742038203020520d0a3e3e0d0a2f4d65646961426f78205b302030203631322e30303030203739322e303030305d0d0a2f436f6e74656e74732037203020520d0a3e3e0d0a656e646f626a0d0a0d0a372030206f626a0d0a3c3c202f4c656e67746820363736203e3e0d0a73747265616d0d0a32204a0d0a42540d0a30203020302072670d0a2f463120303032372054660d0a35372e33373530203732322e323830302054640d0a282053696d706c65205044462046696c652032202920546a0d0a45540d0a42540d0a2f463120303031302054660d0a36392e32353030203638382e363038302054640d0a28202e2e2e636f6e74696e7565642066726f6d207061676520312e20596574206d6f726520746578742e20416e64206d6f726520746578742e20416e64206d6f726520746578742e202920546a0d0a45540d0a42540d0a2f463120303031302054660d0a36392e32353030203637362e363536302054640d0a2820416e64206d6f726520746578742e20416e64206d6f726520746578742e20416e64206d6f726520746578742e20416e64206d6f726520746578742e20416e64206d6f7265202920546a0d0a45540d0a42540d0a2f463120303031302054660d0a36392e32353030203636342e373034302054640d0a2820746578742e204f682c20686f7720626f72696e6720747970696e6720746869732073747566662e20427574206e6f7420617320626f72696e67206173207761746368696e67202920546a0d0a45540d0a42540d0a2f463120303031302054660d0a36392e32353030203635322e373532302054640d0a28207061696e74206472792e20416e64206d6f726520746578742e20416e64206d6f726520746578742e20416e64206d6f726520746578742e20416e64206d6f726520746578742e202920546a0d0a45540d0a42540d0a2f463120303031302054660d0a36392e32353030203634302e383030302054640d0a2820426f72696e672e20204d6f72652c2061206c6974746c65206d6f726520746578742e2054686520656e642c20616e64206a7573742061732077656c6c2e202920546a0d0a45540d0a656e6473747265616d0d0a656e646f626a0d0a0d0a382030206f626a0d0a5b2f504446202f546578745d0d0a656e646f626a0d0a0d0a392030206f626a0d0a3c3c0d0a2f54797065202f466f6e740d0a2f53756274797065202f54797065310d0a2f4e616d65202f46310d0a2f42617365466f6e74202f48656c7665746963610d0a2f456e636f64696e67202f57696e416e7369456e636f64696e670d0a3e3e0d0a656e646f626a0d0a0d0a31302030206f626a0d0a3c3c0d0a2f43726561746f72202852617665205c28687474703a2f2f7777772e6e6576726f6e612e636f6d2f726176655c29290d0a2f50726f647563657220284e6576726f6e612044657369676e73290d0a2f4372656174696f6e446174652028443a3230303630333031303732383236290d0a3e3e0d0a656e646f626a0d0a0d0a787265660d0a302031310d0a3030303030303030303020363535333520660d0a30303030303030303139203030303030206e0d0a30303030303030303933203030303030206e0d0a30303030303030313437203030303030206e0d0a30303030303030323232203030303030206e0d0a30303030303030333930203030303030206e0d0a30303030303031353232203030303030206e0d0a30303030303031363930203030303030206e0d0a30303030303032343233203030303030206e0d0a30303030303032343536203030303030206e0d0a30303030303032353734203030303030206e0d0a0d0a747261696c65720d0a3c3c0d0a2f53697a652031310d0a2f526f6f742031203020520d0a2f496e666f203130203020520d0a3e3e0d0a0d0a7374617274787265660d0a323731340d0a2525454f460d0a);

-- --------------------------------------------------------

--
-- Structure de la table `information`
--

DROP TABLE IF EXISTS `information`;
CREATE TABLE IF NOT EXISTS `information` (
  `inf_id` int(11) NOT NULL AUTO_INCREMENT,
  `inf_nom_apc` varchar(255) NOT NULL,
  `inf_adresse` varchar(255) NOT NULL,
  `inf_cp` varchar(255) NOT NULL,
  `inf_ville` varchar(255) NOT NULL,
  `inf_willaya` varchar(255) NOT NULL,
  `inf_daira` varchar(255) NOT NULL,
  `inf_commune` varchar(255) NOT NULL,
  `inf_imp_titre` varchar(255) NOT NULL,
  `inf_nom_maire` varchar(255) NOT NULL,
  `inf_prenom_maire` varchar(255) NOT NULL,
  PRIMARY KEY (`inf_id`)
) ENGINE=MyISAM AUTO_INCREMENT=2 DEFAULT CHARSET=utf8;

--
-- Déchargement des données de la table `information`
--

INSERT INTO `information` (`inf_id`, `inf_nom_apc`, `inf_adresse`, `inf_cp`, `inf_ville`, `inf_willaya`, `inf_daira`, `inf_commune`, `inf_imp_titre`, `inf_nom_maire`, `inf_prenom_maire`) VALUES
(1, 'UFR STN', '2 rue de la Liberté', '93526', 'Sait-Denis', 'Saint denis', 'ile de france', '', 'Université Paris8 - UFR STN', '', '');

-- --------------------------------------------------------

--
-- Structure de la table `pret`
--

DROP TABLE IF EXISTS `pret`;
CREATE TABLE IF NOT EXISTS `pret` (
  `prt_id` int(11) NOT NULL AUTO_INCREMENT,
  `prt_user_id` int(11) NOT NULL,
  `prt_sto_id` int(11) DEFAULT NULL,
  `prt_prd_id` int(11) NOT NULL,
  `prt_nom` varchar(255) NOT NULL,
  `prt_prenom` varchar(255) NOT NULL,
  `prt_email` varchar(255) NOT NULL,
  `prt_diplome` varchar(50) NOT NULL,
  `prt_num_tel` varchar(255) NOT NULL,
  `prt_date_pret` date NOT NULL,
  `prt_date_retour_prevu` date NOT NULL,
  `prt_date_retour` date NOT NULL,
  `prt_commentaire` varchar(1024) NOT NULL,
  PRIMARY KEY (`prt_id`)
) ENGINE=MyISAM AUTO_INCREMENT=9 DEFAULT CHARSET=utf8;

-- --------------------------------------------------------

--
-- Structure de la table `produit`
--

DROP TABLE IF EXISTS `produit`;
CREATE TABLE IF NOT EXISTS `produit` (
  `prd_id` int(11) NOT NULL AUTO_INCREMENT,
  `prd_cat_id` int(11) NOT NULL,
  `prd_nom` varchar(255) NOT NULL,
  `prd_description` varchar(1000) NOT NULL,
  `prd_prix_ht` decimal(10,2) NOT NULL,
  `prd_del` int(11) NOT NULL DEFAULT 0,
  PRIMARY KEY (`prd_id`)
) ENGINE=InnoDB AUTO_INCREMENT=47 DEFAULT CHARSET=utf8;

--
-- Déchargement des données de la table `produit`
--

INSERT INTO `produit` (`prd_id`, `prd_cat_id`, `prd_nom`, `prd_description`, `prd_prix_ht`, `prd_del`) VALUES
(30, 30, 'sqd', 'qsd', '0.00', 1),
(31, 31, 'Testd', 'tzqdtsqdqs', '80.00', 1),
(32, 31, 'qsdqs', 'dqsdqsdqsd', '0.00', 1),
(33, 32, 'Optiplex 890', 'I5', '950.00', 0),
(34, 32, 'dell 850', 'I5 ', '350.00', 0),
(35, 31, 'Bureau', 'Bureau simple ou double', '150.00', 0),
(36, 35, 'jean', 'pierre', '20.00', 0),
(37, 31, 'Chaise', 'Chaise bleu rouge ou jaune', '15.00', 0),
(38, 37, 'fezfez', 'efzefzefz', '120.00', 0),
(39, 31, 'ecran', 'racran 17p', '0.00', 1),
(40, 38, 'DS18S20', 'Capteur temperature', '5.00', 0),
(41, 38, 'HC-05', 'Capteur ultra son', '3.00', 0),
(42, 38, 'l\'a', 'l\'o', '150.00', 1),
(43, 41, 'coco', 'coco', '0.00', 1),
(44, 43, 'je', 'sa', '120.00', 1),
(45, 38, 'l\'1', 'l\'a', '150.51', 1),
(46, 45, 'lola', 'lala', '15.00', 1);

-- --------------------------------------------------------

--
-- Structure de la table `service`
--

DROP TABLE IF EXISTS `service`;
CREATE TABLE IF NOT EXISTS `service` (
  `srv_id` int(11) NOT NULL AUTO_INCREMENT,
  `srv_nom` varchar(255) NOT NULL,
  `srv_description` varchar(255) NOT NULL,
  `srv_del` int(11) NOT NULL,
  PRIMARY KEY (`srv_id`)
) ENGINE=MyISAM AUTO_INCREMENT=13 DEFAULT CHARSET=utf8;

--
-- Déchargement des données de la table `service`
--

INSERT INTO `service` (`srv_id`, `srv_nom`, `srv_description`, `srv_del`) VALUES
(1, 'MIME', '', 1),
(2, 'MIASH', '', 0),
(3, 'BOCAL', '', 0),
(4, 'qsdqsd', '', 1),
(5, 'qsdqsdq', '', 1),
(6, 'ddddd', '', 1),
(7, 'A166', 'Bureau Mehdy et Halim', 0),
(8, 'A161', 'Salle de cours', 0),
(9, 'A147', 'Classes MIME', 1),
(10, 'A147', 'Classes MIME', 1),
(11, 'A147', 'Classes MIME', 0),
(12, 'A9999', 'inconnue', 1);

-- --------------------------------------------------------

--
-- Structure de la table `stock`
--

DROP TABLE IF EXISTS `stock`;
CREATE TABLE IF NOT EXISTS `stock` (
  `sto_id` int(11) NOT NULL AUTO_INCREMENT,
  `sto_fur_id` int(11) NOT NULL,
  `sto_prd_id` int(11) NOT NULL,
  `sto_libele_prd` varchar(255) NOT NULL,
  `sto_cat_id` int(11) NOT NULL,
  `sto_libele_cat` varchar(255) NOT NULL,
  `sto_num_inventaire` varchar(255) NOT NULL DEFAULT '0',
  `sto_date_achat` date NOT NULL,
  `sto_prix_achat_ht` int(11) NOT NULL,
  `sto_annne_amortissement` int(11) NOT NULL DEFAULT 5,
  `sto_serie` int(11) NOT NULL,
  `sto_affactation` int(11) NOT NULL DEFAULT 0,
  `sto_sorti_inventaire` int(11) NOT NULL DEFAULT 0,
  `sto_date_sorti_inventaire` date NOT NULL,
  `sto_commentaire` varchar(255) NOT NULL,
  `sto_qte` int(11) NOT NULL DEFAULT 1,
  `sto_srv_id` int(11) NOT NULL,
  `sto_pret` int(11) NOT NULL DEFAULT 0,
  `sto_del` int(11) NOT NULL DEFAULT 0,
  PRIMARY KEY (`sto_id`)
) ENGINE=MyISAM AUTO_INCREMENT=242 DEFAULT CHARSET=utf8;

--
-- Déchargement des données de la table `stock`
--

INSERT INTO `stock` (`sto_id`, `sto_fur_id`, `sto_prd_id`, `sto_libele_prd`, `sto_cat_id`, `sto_libele_cat`, `sto_num_inventaire`, `sto_date_achat`, `sto_prix_achat_ht`, `sto_annne_amortissement`, `sto_serie`, `sto_affactation`, `sto_sorti_inventaire`, `sto_date_sorti_inventaire`, `sto_commentaire`, `sto_qte`, `sto_srv_id`, `sto_pret`, `sto_del`) VALUES
(241, 7, 34, '34', 32, '', '', '2021-05-20', 0, 475185, 0, 0, 0, '0000-00-00', '', 1, 11, 1, 0),
(240, 7, 34, '34', 32, '', '', '2021-05-20', 0, 475185, 0, 0, 0, '0000-00-00', '', 1, 11, 1, 0),
(239, 5, 35, '', 38, '', '', '2021-05-20', 0, 2051, 0, 0, 0, '2021-05-27', '', 1, 7, 1, 0),
(238, 5, 35, '', 38, '', '', '2021-05-20', 0, 2051, 0, 0, 0, '2021-05-27', '', 1, 7, 1, 0),
(234, 5, 35, '', 38, '', '', '2021-05-20', 0, 2051, 0, 0, 0, '2021-05-27', '', 1, 7, 1, 0),
(237, 5, 35, '', 38, '', '', '2021-05-20', 0, 2051, 0, 0, 0, '2021-05-27', '', 1, 7, 1, 0),
(236, 5, 35, '', 38, '', '', '2021-05-20', 0, 2051, 0, 0, 0, '2021-05-27', '', 1, 7, 1, 0),
(235, 5, 35, '', 38, '', '', '2021-05-20', 0, 2051, 0, 0, 0, '2021-05-27', '', 1, 7, 1, 0),
(233, 5, 35, '', 38, '', '', '2021-05-20', 0, 2051, 0, 0, 0, '2021-05-27', '', 1, 7, 1, 0),
(232, 5, 35, '', 38, '', '', '2021-05-20', 0, 2051, 0, 0, 0, '2021-05-27', '', 1, 7, 1, 0),
(231, 5, 35, '', 38, '', '', '2021-05-20', 0, 2051, 0, 0, 0, '2021-05-27', '', 1, 7, 1, 0),
(230, 5, 35, '', 38, '', '', '2021-05-20', 0, 2051, 0, 0, 0, '2021-05-27', '', 1, 7, 1, 0),
(229, 5, 35, '', 38, '', '', '2021-05-20', 0, 2051, 0, 0, 0, '2021-05-27', '', 1, 7, 1, 0),
(228, 5, 35, '', 38, '', '', '2021-05-20', 0, 2051, 0, 0, 0, '2021-05-27', '', 1, 7, 1, 0),
(227, 5, 35, '', 38, '', '', '2021-05-20', 0, 2051, 0, 0, 0, '2021-05-27', '', 1, 7, 1, 0),
(226, 5, 35, '', 38, '', '', '2021-05-20', 0, 2051, 0, 0, 0, '2021-05-27', '', 1, 7, 1, 0),
(225, 5, 35, '', 38, '', '', '2021-05-20', 0, 2051, 0, 0, 0, '2021-05-27', '', 1, 7, 1, 0),
(224, 5, 35, '', 32, '', '', '2021-05-20', 0, 2026, 0, 0, 0, '0000-00-00', '', 1, 3, 1, 0),
(223, 5, 35, '', 32, '', '', '2021-05-20', 0, 2026, 0, 0, 0, '0000-00-00', '', 1, 3, 1, 0),
(222, 1, 35, '', 31, '', '', '0000-00-00', 0, 202, 0, 0, 0, '0000-00-00', '', 1, 3, 1, 0),
(221, 1, 35, '', 31, '', '', '0000-00-00', 0, 202, 0, 0, 0, '0000-00-00', '', 1, 3, 1, 0),
(220, 1, 35, '', 31, '', '', '0000-00-00', 0, 202, 0, 0, 0, '0000-00-00', '', 1, 3, 1, 0),
(219, 1, 35, '', 31, '', '', '0000-00-00', 0, 202, 0, 0, 0, '0000-00-00', '', 1, 3, 1, 0),
(218, 1, 35, '', 31, '', '', '0000-00-00', 0, 202, 0, 0, 0, '0000-00-00', '', 1, 3, 1, 0),
(217, 7, 37, '', 31, '', '', '0000-00-00', 0, 254, 0, 0, 0, '0000-00-00', '', 1, 11, 1, 0),
(216, 5, 33, '', 38, '', '', '0000-00-00', 0, 0, 0, 0, 0, '0000-00-00', '', 1, 11, 0, 0),
(215, 7, 37, '', 31, '', '', '0000-00-00', 0, 1516, 0, 0, 0, '0000-00-00', '', 1, 11, 0, 0),
(214, 5, 37, '', 31, '', '1234', '2021-05-12', 0, 2025, 0, 0, 1, '0000-00-00', '', 1, 3, 0, 0),
(213, 7, 40, '', 38, '', '', '0000-00-00', 0, 0, 0, 0, 0, '0000-00-00', '', 1, 0, 1, 0),
(212, 7, 40, '', 38, '', '12580', '2021-05-04', 0, 2050, 0, 0, 0, '0000-00-00', '', 1, 11, 0, 0),
(211, 5, 41, '', 38, '', '', '2021-05-04', 0, 2025, 0, 0, 0, '0000-00-00', '', 1, 8, 0, 0),
(210, 5, 41, '', 38, '', '', '2021-05-04', 0, 2025, 0, 0, 0, '0000-00-00', '', 1, 8, 0, 0),
(209, 5, 41, '', 38, '', '', '2021-05-04', 0, 2025, 0, 0, 0, '0000-00-00', '', 1, 8, 0, 0),
(208, 5, 41, '', 38, '', '', '2021-05-04', 0, 2025, 0, 0, 0, '0000-00-00', '', 1, 8, 0, 0),
(207, 5, 41, '', 38, '', '', '2021-05-04', 0, 2025, 0, 0, 0, '0000-00-00', '', 1, 8, 0, 0),
(206, 5, 41, '', 38, '', '', '2021-05-04', 0, 2025, 0, 0, 0, '0000-00-00', '', 1, 8, 0, 0),
(205, 5, 41, '', 38, '', '', '2021-05-04', 0, 2025, 0, 0, 0, '0000-00-00', '', 1, 8, 0, 0),
(204, 5, 41, '', 38, '', '', '2021-05-04', 0, 2025, 0, 0, 0, '0000-00-00', '', 1, 8, 0, 0),
(203, 5, 41, '', 38, '', '', '2021-05-04', 0, 2025, 0, 0, 0, '0000-00-00', '', 1, 8, 0, 0),
(202, 5, 41, '', 38, '', '', '2021-05-04', 0, 2025, 0, 0, 0, '0000-00-00', '', 1, 8, 0, 0),
(201, 5, 41, '', 38, '', '', '2021-05-04', 0, 2025, 0, 0, 0, '0000-00-00', '', 1, 8, 0, 0),
(200, 5, 41, '', 38, '', '', '2021-05-04', 0, 2025, 0, 0, 0, '0000-00-00', '', 1, 8, 1, 0);

-- --------------------------------------------------------

--
-- Structure de la table `user`
--

DROP TABLE IF EXISTS `user`;
CREATE TABLE IF NOT EXISTS `user` (
  `usr_id` int(11) NOT NULL AUTO_INCREMENT,
  `usr_lname` varchar(255) NOT NULL,
  `usr_fname` varchar(255) NOT NULL,
  `usr_login` varchar(255) NOT NULL,
  `usr_psw` varchar(255) NOT NULL,
  `usr_mail` varchar(255) NOT NULL,
  `usr_active` tinyint(1) NOT NULL DEFAULT 1,
  `usr_deleted` tinyint(1) NOT NULL DEFAULT 0,
  `usr_date_create` datetime NOT NULL,
  `usr_date_modify` datetime NOT NULL,
  `usr_usr_create` int(11) NOT NULL,
  `usr_usr_modify` int(11) NOT NULL,
  `usr_right_param` int(11) NOT NULL DEFAULT 0,
  `usr_right_four` int(11) NOT NULL DEFAULT 0,
  `usr_right_cmd` int(11) NOT NULL DEFAULT 0,
  `usr_right_inv` int(11) NOT NULL DEFAULT 0,
  `usr_right_pret` int(11) NOT NULL DEFAULT 0,
  `usr_right_ged` int(11) NOT NULL DEFAULT 0,
  PRIMARY KEY (`usr_id`),
  KEY `USR_LOGIN` (`usr_login`)
) ENGINE=MyISAM AUTO_INCREMENT=33 DEFAULT CHARSET=utf8;

--
-- Déchargement des données de la table `user`
--

INSERT INTO `user` (`usr_id`, `usr_lname`, `usr_fname`, `usr_login`, `usr_psw`, `usr_mail`, `usr_active`, `usr_deleted`, `usr_date_create`, `usr_date_modify`, `usr_usr_create`, `usr_usr_modify`, `usr_right_param`, `usr_right_four`, `usr_right_cmd`, `usr_right_inv`, `usr_right_pret`, `usr_right_ged`) VALUES
(26, 'Djerroud', 'Halim', 'halim', '1d75dcced380911afbad64d9be84472b', 'halim.contact@gmail.com', 1, 0, '2016-07-04 16:37:51', '2021-05-03 13:45:17', 1, 26, 1, 1, 1, 1, 1, 1),
(28, 'Outaleb', 'Achour', 'mazigh', 'c47699ddb759ceade4ceb3a6d93a9035', 'outaleb37@gmail.com', 1, 0, '2018-06-21 09:39:45', '2018-07-02 13:04:47', 26, 28, 1, 1, 1, 1, 1, 1),
(29, 'Mourad', 'Amara', 'mourad', '20c79ef8a4fcc250be4702fbd5045ffb', 'mourad.amara@gmail.com', 1, 0, '2018-06-25 09:16:18', '0000-00-00 00:00:00', 28, 0, 1, 1, 1, 1, 1, 1),
(30, 'Thibaudeau', 'Laurent', 'laurent', '34a321664be49e31c2368f6f42798a98', 'laurent.Thibaudeau@gmail.com', 1, 0, '2018-07-04 08:19:53', '2018-07-04 14:09:13', 28, 30, 1, 0, 1, 1, 1, 1),
(31, 'achour', 'achour', 'maz', '871175b58e9ad50e8c53425f1bba09bd', 'maz@gmail.com', 1, 0, '2018-07-04 13:52:54', '0000-00-00 00:00:00', 30, 0, 1, 1, 1, 1, 1, 1),
(32, 'Hamsek', 'Lahoucine', 'lahoucine', 'ac09d20a79a4d5def5ee5e27b05692e3', 'hamsek.lahoci', 1, 1, '2021-05-03 16:23:23', '2021-05-04 10:28:57', 26, 26, 1, 1, 1, 1, 1, 1);
COMMIT;

/*!40101 SET CHARACTER_SET_CLIENT=@OLD_CHARACTER_SET_CLIENT */;
/*!40101 SET CHARACTER_SET_RESULTS=@OLD_CHARACTER_SET_RESULTS */;
/*!40101 SET COLLATION_CONNECTION=@OLD_COLLATION_CONNECTION */;
